id,sku,modelno,price,time
Cerrowire-250-ft-14-2-White-NM-B-Wire-147-1472G,202304609,147-1472G,37.17,2017-02-03T16:46:25Z
Cerrowire-250-ft-12-2-NM-B-Wire-147-1672G,202304610,147-1672G,57.24,2017-02-03T16:46:26Z
Romex-1000-ft-12-2-Solid-SIMpull-NM-B-Wire-28828201,202316226,28828201,229.0,2017-02-03T16:46:27Z
Romex-250-ft-14-3-Solid-SIMpull-NM-B-W-G-Wire-63946855,202316275,63946855,62.47,2017-02-03T16:46:28Z
Cerrowire-250-ft-14-3-NM-B-Wire-147-1463G,202304612,147-1463G,62.47,2017-02-03T16:46:29Z
Cerrowire-15-ft-12-2-Yellow-NM-B-Wire-147-1602A3,202564826,147-1602A3,10.47,2017-02-03T16:46:30Z
Cerrowire-15-ft-12-3-NM-B-Wire-147-1603A3,202564822,147-1603A3,18.37,2017-02-03T16:46:30Z
Cerrowire-15-ft-14-3-NM-B-Wire-147-1403A3,202564821,147-1403A3,10.67,2017-02-03T16:46:31Z
Cerrowire-100-ft-6-Gauge-Red-Stranded-THHN-Wire-112-4203C,202564817,112-4203C,65.97,2017-02-03T16:46:32Z
Cerrowire-50-ft-6-1-Black-Stranded-THHN-Wire-112-4201B,202564810,112-4201B,37.47,2017-02-03T16:46:33Z
Cerrowire-50-ft-6-Gauge-White-Stranded-THHN-Wire-112-4202B,202564813,112-4202B,37.47,2017-02-03T16:46:34Z
Cerrowire-25-ft-6-1-White-Stranded-THHN-Wire-112-4202A,202564812,112-4202A,20.97,2017-02-03T16:46:35Z
Cerrowire-25-ft-6-19-Green-Stranded-THHN-Wire-112-4205A,202564818,112-4205A,20.97,2017-02-03T16:46:36Z
Southwire-1-000-ft-14-2-White-Solid-CU-NM-B-Wire-28827401,202316473,28827401,149.0,2017-02-03T16:46:37Z
Cerrowire-250-ft-12-3-NM-B-Wire-147-1663G,202304613,147-1663G,108.0,2017-02-03T16:46:38Z
Romex-250-ft-12-3-Solid-SIMpull-NM-B-W-G-Wire-63947655,202316276,63947655,108.0,2017-02-03T16:46:39Z
Romex-100-ft-12-2-Yellow-Solid-SIMpull-NM-B-Wire-28828228,202316375,28828228,41.17,2017-02-03T16:46:40Z
Romex-100-ft-14-2-White-Solid-SIMpull-NM-B-Wire-28827428,202316379,28827428,26.77,2017-02-03T16:46:41Z
Romex-50-ft-12-2-Soild-SIMpull-CU-NM-B-Wire-28828222,202316374,28828222,27.97,2017-02-03T16:46:41Z
Cerrowire-50-ft-12-2-NM-B-Wire-Yellow-147-1602BR,202206559,147-1602BR,27.97,2017-02-03T16:46:42Z
Romex-125-ft-6-3-Black-Stranded-CU-SIMpull-NM-B-W-G-Wire-63950002,202316279,63950002,209.0,2017-02-03T16:46:43Z
Cerrowire-250-ft-10-2-NM-B-Wire-147-1862G,202304611,147-1862G,117.0,2017-02-03T16:46:44Z
Romex-250-ft-10-2-Solid-SIMpull-NM-B-W-G-Wire-28829055,202316274,28829055,117.0,2017-02-03T16:46:47Z
Romex-50-ft-14-2-White-Solid-SIMpull-NM-B-Wire-28827422,202316377,28827422,17.87,2017-02-03T16:46:48Z
Romex-25-ft-12-2-Yellow-Solid-SIMpull-NM-B-Wire-28828221,202316378,28828221,14.57,2017-02-03T16:46:49Z
Cerrowire-25-ft-10-2-NM-B-Wire-Orange-147-1802AR,202206564,147-1802AR,27.57,2017-02-03T16:46:50Z
Cerrowire-100-ft-12-3-NM-B-Wire-147-1603CR,202206563,147-1603CR,81.97,2017-02-03T16:46:51Z
Cerrowire-50-ft-10-2-NM-B-Wire-Orange-147-1802BR,202206565,147-1802BR,51.97,2017-02-03T16:46:52Z
Cerrowire-50-ft-12-3-NM-B-Wire-Yellow-147-1603BR,202206562,147-1603BR,51.74,2017-02-03T16:46:53Z
Romex-250-ft-12-2-2-Pack-Yellow-CU-SIMpull-NM-B-Wire-28828258,206647943,28828258,106.0,2017-02-03T16:46:54Z
Cerrowire-25-ft-12-2-NM-B-Wire-Yellow-147-1602AR,202206558,147-1602AR,14.57,2017-02-03T16:46:55Z
Cerrowire-100-ft-14-3-NM-B-Wire-White-147-1403CR,202206557,147-1403CR,47.37,2017-02-03T16:46:56Z
Cerrowire-50-ft-14-2-NM-B-Wire-147-1402BR,202206553,147-1402BR,17.87,2017-02-03T16:46:59Z
Romex-125-ft-8-3-Black-Stranded-SIMpull-NM-B-W-G-Wire-63949202,202316278,63949202,153.0,2017-02-03T16:46:59Z
Romex-250-ft-10-3-Solid-SIMpull-NM-B-W-G-Wire-63948455,202316277,63948455,169.0,2017-02-03T16:47:00Z
Cerrowire-250-ft-10-3-NM-B-Wire-Orange-147-1863G,202304614,147-1863G,169.0,2017-02-03T16:47:01Z
Southwire-500-ft-12-White-Stranded-THHN-Wire-22965858,203401697,22965858,50.97,2017-02-03T16:47:02Z
Cerrowire-100-ft-10-3-NM-B-Wire-147-1803CR,202206569,147-1803CR,101.0,2017-02-03T16:47:03Z
Southwire-100-ft-10-3-Solid-SIMpull-NM-B-wire-63948426,202316240,63948426,101.0,2017-02-03T16:47:04Z
Cerrowire-50-ft-10-3-NM-B-Wire-Orange-147-1803BR,202206568,147-1803BR,67.47,2017-02-03T16:47:05Z
Romex-50-ft-10-3-solid-Cu-SIMpull-NM-B-wire-63948422,202316239,63948422,67.47,2017-02-03T16:47:06Z
Southwire-125-ft-6-2-Black-Stranded-CU-SIMpull-NM-B-Wire-28894402,202316592,28894402,137.0,2017-02-03T16:47:07Z
Southwire-125-ft-8-2-Black-Stranded-NM-B-Wire-28893602,202316591,28893602,95.47,2017-02-03T16:47:08Z
Southwire-500-ft-12-Black-Stranded-THHN-Wire-22964158,203401696,22964158,50.97,2017-02-03T16:47:09Z
Southwire-500-ft-3-Black-Stranded-THHN-Wire-24346901,202316571,24346901,376.0,2017-02-03T16:47:10Z
Southwire-50-ft-6-3-Black-Stranded-CU-SIMpull-NM-B-Wire-63950032,204765156,63950032,113.0,2017-02-03T16:47:11Z
Southwire-25-ft-14-2-Solid-SIMpull-CU-NM-B-Wire-28827421,202316376,28827421,9.47,2017-02-03T16:47:12Z
Cerrowire-25-ft-14-2-NM-B-Wire-147-1402AR,202206552,147-1402AR,9.47,2017-02-03T16:47:12Z
Romex-100-ft-10-2-solid-SIMpull-NM-B-Cable-28829028,202316241,28829028,88.97,2017-02-03T16:47:13Z
Cerrowire-100-ft-10-2-NM-B-Wire-Orange-147-1802CR,202206566,147-1802CR,88.97,2017-02-03T17:29:24Z
Southwire-50-ft-8-3-Black-Stranded-CU-SIMpull-NM-B-Wire-63949232,204765155,63949232,97.47,2017-02-03T17:29:25Z
Southwire-500-ft-12-Green-Stranded-THHN-Wire-22968258,203401700,22968258,50.97,2017-02-03T17:29:26Z
Romex-50-ft-10-2-Solid-SIMpull-NM-B-Wire-28829022,202316205,28829022,51.97,2017-02-03T17:29:27Z
Southwire-500-ft-10-Black-Stranded-CU-THHN-Wire-22973257,202316335,22973257,75.47,2017-02-03T17:29:28Z
Southwire-500-ft-12-White-Solid-THHN-Wire-11588158,203401606,11588158,45.57,2017-02-03T17:29:30Z
Cerrowire-50-ft-14-3-NM-B-Wire-White-147-1403BR,202206556,147-1403BR,29.97,2017-02-03T17:29:30Z
Romex-50-ft-14-3-Solid-SIMpull-NM-B-Wire-63946822,202316552,63946822,29.97,2017-02-03T17:29:31Z
Romex-50-ft-12-3-Yellow-Solid-SIMpull-NM-B-Wire-63947622,202316449,63947622,51.74,2017-02-03T17:29:33Z
Southwire-500-ft-12-Black-Solid-THHN-Wire-11587358,203401604,11587358,45.57,2017-02-03T17:29:33Z
Romex-100-ft-12-3-Yellow-Solid-SIMpull-NM-B-Wire-63947628,202316450,63947628,81.97,2017-02-03T17:29:34Z
Romex-100-ft-14-3-Solid-CU-SIMpull-NM-B-Wire-63946828,202316553,63946828,47.37,2017-02-03T17:29:35Z
Southwire-500-ft-12-Red-Stranded-THHN-Wire-22966658,203401699,22966658,50.97,2017-02-03T17:29:36Z
Southwire-500-ft-8-Black-Stranded-CU-THHN-Wire-20488312,202316337,20488312,128.0,2017-02-03T17:29:39Z
Romex-15-ft-12-2-Soild-SIMpull-NM-B-Wire-28828226,202210508,28828226,10.47,2017-02-03T17:29:40Z
Southwire-500-ft-10-Green-Stranded-CU-THHN-Wire-22977357,202316481,22977357,75.47,2017-02-03T17:29:41Z
Cerrowire-500-ft-10-1-Green-Stranded-THHN-Wire-112-3875J,202304725,112-3875J,75.47,2017-02-03T17:29:42Z
Romex-15-ft-14-2-Soild-SIMpull-NM-B-Cable-28827426,202210510,28827426,6.77,2017-02-03T17:29:43Z
Southwire-500-ft-10-White-Stranded-CU-THHN-Wire-22974057,202316336,22974057,75.47,2017-02-03T17:29:44Z
Southwire-500-ft-12-Green-Solid-THHN-Wire-11591558,203401610,11591558,45.57,2017-02-03T17:29:44Z
Cerrowire-500-ft-10-Gauge-Red-Stranded-THHN-Wire-112-3873J,202304724,112-3873J,75.47,2017-02-03T17:29:46Z
Southwire-500-ft-10-Red-Stranded-CU-THHN-Wire-22975757,202316480,22975757,75.47,2017-02-03T17:29:47Z
Southwire-25-ft-10-3-Solid-NM-B-Wire-63948421,202316238,63948421,37.97,2017-02-03T17:29:48Z
Cerrowire-25-ft-10-3-NM-B-Wire-Orange-147-1803AR,202206567,147-1803AR,37.97,2017-02-03T17:29:49Z
Southwire-500-ft-2-Black-Stranded-THHN-Wire-20502101,202316586,20502101,503.0,2017-02-03T17:29:50Z
Southwire-500-ft-12-Red-Solid-THHN-Wire-11589958,203401608,11589958,45.57,2017-02-03T17:29:51Z
Romex-25-ft-14-3-Solid-SIMpull-NM-B-Wire-63946821,202316551,63946821,15.87,2017-02-03T17:29:51Z
Cerrowire-25-ft-14-3-NM-B-Wire-147-1403AR,202304750,147-1403AR,15.87,2017-02-03T17:29:52Z
Romex-25-ft-10-2-Solid-SIMpull-NM-B-Wire-28829021,202316203,28829021,27.57,2017-02-03T17:29:53Z
Romex-25-ft-12-3-Yellow-Solid-SIMpull-NM-B-Wire-63947621,202316448,63947621,27.37,2017-02-03T17:29:54Z
Cerrowire-25-ft-12-3-NM-B-Wire-Yellow-147-1603AR,202206561,147-1603AR,27.37,2017-02-03T17:29:56Z
Southwire-500-ft-4-Black-Stranded-THHN-Wire-20499001,202316585,20499001,324.0,2017-02-03T17:29:57Z
Southwire-500-ft-12-Blue-Stranded-THHN-Wire-22967458,203401701,22967458,50.97,2017-02-03T17:29:57Z
Southwire-500-ft-8-Red-Stranded-CU-THHN-Wire-20490912,202316482,20490912,128.0,2017-02-03T17:30:00Z
Southwire-500-ft-6-Red-Stranded-CU-THHN-Wire-20495801,202316483,20495801,190.0,2017-02-03T17:30:01Z
Southwire-15-ft-10-2-Orange-Solid-SIMpull-NM-B-Wire-28829026,202525573,28829026,17.17,2017-02-03T17:30:01Z
Southwire-15-ft-10-3-Orange-Solid-SIMpull-NM-B-Wire-63948427,202525532,63948427,24.37,2017-02-03T17:30:02Z
Southwire-500-ft-8-Stranded-THHN-Wire-Green-20492512,202316573,20492512,128.0,2017-02-03T17:30:03Z
Southwire-500-ft-14-White-Solid-THHN-Wire-11580858,203401597,11580858,32.37,2017-02-03T17:30:04Z
Southwire-15-ft-12-3-Yellow-Soild-NM-B-Wire-63947626,202525500,63947626,18.37,2017-02-03T17:30:06Z
Southwire-500-ft-14-Black-Stranded-THHN-Wire-22955958,203401613,22955958,35.77,2017-02-03T17:30:06Z
Southwire-500-ft-6-Green-Stranded-CU-THHN-Wire-20497401,202316411,20497401,190.0,2017-02-03T17:30:07Z
Southwire-500-ft-14-Black-Solid-THHN-Wire-11579058,203401579,11579058,32.37,2017-02-03T17:30:08Z
Southwire-500-ft-8-White-Stranded-CU-THHN-Wire-20489112,202316338,20489112,128.0,2017-02-03T17:30:10Z
Southwire-500-ft-10-Blue-Stranded-THHN-Wire-22976557,202316224,22976557,75.47,2017-02-03T17:30:11Z
Southwire-500-ft-14-White-Stranded-THHN-Wire-22956758,203401615,22956758,35.77,2017-02-03T17:30:12Z
Cerrowire-500-ft-3-0-Black-Stranded-THHN-Wire-112-5401J,202304654,112-5401J,1135.0,2017-02-03T18:00:29Z
Southwire-15-ft-14-3-White-Solid-NM-B-Wire-63946826,202525484,63946826,10.67,2017-02-03T18:00:31Z
Cerrowire-500-ft-14-1-Red-Stranded-THHN-Wire-112-3453J,202304639,112-3453J,35.77,2017-02-03T18:00:32Z
Southwire-500-ft-14-Red-Stranded-THHN-Wire-22957558,203401686,22957558,35.77,2017-02-03T18:00:34Z
Southwire-125-ft-6-3-Stranded-CU-UF-B-W-G-Cable-14782702,205358086,14782702,340.0,2017-02-03T18:00:38Z
Southwire-100-ft-10-Black-Stranded-THHN-Wire-22973237,204812489,22973237,27.17,2017-02-03T18:00:38Z
Cerrowire-75-ft-6-3-NM-B-Wire-147-4203B9,202206573,147-4203B9,163.0,2017-02-03T18:00:39Z
Southwire-500-ft-14-Green-Stranded-THHN-Wire-22959158,203401687,22959158,35.77,2017-02-03T18:00:41Z
Southwire-100-ft-12-Black-Stranded-THHN-Wire-22964152,204868213,22964152,21.37,2017-02-03T18:00:43Z
Southwire-500-ft-12-Blue-Solid-THHN-Wire-11590758,203408332,11590758,49.57,2017-02-03T18:00:44Z
Romex-1000-ft-14-3-Solid-SIMpull-NM-B-Wire-63946801,202316228,63946801,223.99,2017-02-03T18:00:46Z
Southwire-100-ft-12-White-Stranded-THHN-Wire-22965852,204868304,22965852,21.37,2017-02-03T18:00:48Z
Southwire-500-ft-10-Brown-Stranded-CU-THHN-Wire-22980757,202316513,22980757,75.47,2017-02-03T18:00:50Z
Southwire-500-ft-10-Orange-Stranded-CU-THHN-Wire-22979957,202316514,22979957,75.47,2017-02-03T18:00:52Z
Southwire-500-ft-6-White-Stranded-CU-THHN-Wire-20494101,202316340,20494101,190.0,2017-02-03T18:00:54Z
Southwire-500-ft-2-0-Black-Stranded-THHN-Wire-20506202,202316360,20506202,918.0,2017-02-03T18:00:56Z
Southwire-500-ft-12-Yellow-Stranded-THHN-Wire-22969058,203401702,22969058,50.97,2017-02-03T18:01:00Z
Southwire-100-ft-12-White-Solid-THHN-Wire-11588138,204868212,11588138,19.17,2017-02-03T18:01:01Z
Southwire-100-ft-12-Green-Stranded-THHN-Wire-22968252,204868284,22968252,21.37,2017-02-03T18:01:07Z
Southwire-500-ft-12-Orange-Stranded-THHN-Wire-22970858,203401703,22970858,50.97,2017-02-03T18:01:12Z
Romex-250-ft-14-2-2-Pack-White-Solid-CU-SIMpull-NM-B-Wire-28827458,206647951,28827458,75.0,2017-02-03T18:01:20Z
Southwire-350-ft-12-Black-White-Green-Stranded-CU-SIMpull-CoilPAK-THHN-Wire-58453303,205476070,58453303,119.0,2017-02-03T18:01:21Z
Southwire-100-ft-12-Black-Solid-THHN-Wire-11587338,204868206,11587338,19.17,2017-02-03T18:01:22Z
Southwire-100-ft-10-Green-Stranded-THHN-Wire-22977337,204812522,22977337,27.17,2017-02-03T18:01:23Z
Southwire-100-ft-12-Green-Solid-THHN-Wire-11591538,204868207,11591538,19.17,2017-02-03T18:01:24Z
Southwire-500-ft-14-Red-Solid-THHN-Wire-11581658,203401599,11581658,32.37,2017-02-03T18:01:25Z
Southwire-500-ft-14-Green-Solid-THHN-Wire-11583258,203401602,11583258,32.37,2017-02-03T18:01:26Z
Romex-500-ft-8-3-Black-Stranded-CU-SIMpull-NM-B-W-G-Wire-63949205,202316284,63949205,556.0,2017-02-03T18:01:28Z
Southwire-350-ft-12-Black-White-Green-Solid-CU-SIMpull-CoilPAK-THHN-Wire-58389703,205476090,58389703,105.0,2017-02-03T18:01:30Z
Southwire-500-ft-14-Blue-Stranded-THHN-Wire-22958358,203401691,22958358,35.77,2017-02-03T18:01:31Z
Southwire-50-ft-12-Black-Stranded-THHN-Wire-22964179,204868278,22964179,11.97,2017-02-03T18:01:33Z
Southwire-50-ft-10-Black-Stranded-THHN-Wire-22973236,204812488,22973236,14.67,2017-02-03T18:01:35Z
Southwire-50-ft-12-White-Stranded-THHN-Wire-22965879,204868305,22965879,11.97,2017-02-03T18:01:36Z
Southwire-100-ft-10-Red-Stranded-THHN-Wire-22975737,204812519,22975737,27.17,2017-02-03T18:01:38Z
Cerrowire-50-ft-12-1-Black-Solid-THHN-Wire-112-1601BR,202669815,112-1601BR,10.67,2017-02-03T18:01:40Z
Southwire-50-ft-12-Black-Solid-THHN-Wire-11587337,204868330,11587337,10.67,2017-02-03T18:01:42Z
Southwire-25-ft-16-Black-Stranded-CU-Primary-Wire-55666621,202316512,55666621,5.2,2017-02-03T18:01:44Z
Cerrowire-24-ft-16-Black-AWG-Primary-Wire-207-1201R24,202206415,207-1201R24,5.2,2017-02-03T18:01:46Z
Southwire-100-ft-10-White-Stranded-THHN-Wire-22974037,204812491,22974037,27.17,2017-02-03T18:01:49Z
Romex-500-ft-6-3-Black-Stranded-CU-SIMpull-NM-B-W-G-Wire-63950005,202316285,63950005,838.0,2017-02-03T18:01:52Z
Southwire-50-ft-12-White-Solid-THHN-Wire-11588137,204868274,11588137,10.67,2017-02-03T18:01:54Z
Cerrowire-50-ft-12-1-Solid-THHN-Wire-White-112-1602BR,202669816,112-1602BR,10.67,2017-02-03T18:01:57Z
Southwire-500-ft-1-0-Black-Stranded-THHN-Wire-20505402,202316221,20505402,748.0,2017-02-03T18:02:00Z
Southwire-100-ft-12-Red-Stranded-THHN-Wire-22966652,204868289,22966652,21.37,2017-02-03T18:02:01Z
Southwire-500-ft-10-Yellow-Stranded-THHN-Wire-22978157,202316574,22978157,75.47,2017-02-03T18:02:03Z
Romex-500-ft-6-2-Black-Stranded-CU-SIMpull-NM-B-Wire-28894405,202316463,28894405,552.0,2017-02-03T18:02:04Z
Southwire-50-ft-10-Red-Stranded-THHN-Wire-22975736,204812493,22975736,14.67,2017-02-03T18:02:06Z
Southwire-50-ft-12-Green-Stranded-THHN-Wire-22968279,204868285,22968279,11.97,2017-02-03T18:02:08Z
Cerrowire-24-ft-16-Gauge-Red-Primary-Wire-207-1203R24,202206417,207-1203R24,5.2,2017-02-03T18:02:10Z
Southwire-25-ft-16-Red-Stranded-CU-Primary-Wire-55668021,202316508,55668021,5.2,2017-02-03T18:02:11Z
Romex-500-ft-8-2-Black-Stranded-CU-SIMpull-NM-B-Wire-28893615,202316462,28893615,381.0,2017-02-03T18:02:15Z
Southwire-50-ft-12-Green-Solid-THHN-Wire-11591537,204868271,11591537,10.67,2017-02-03T18:02:16Z
Southwire-100-ft-14-Black-Stranded-THHN-Wire-22955952,204834035,22955952,17.17,2017-02-03T18:02:18Z
Southwire-50-ft-10-Green-Stranded-THHN-Wire-22977336,204812521,22977336,14.67,2017-02-03T18:02:19Z
Cerrowire-250-ft-12-2-2-NM-B-Wire-Yellow-147-1664G,202304607,147-1664G,165.0,2017-02-03T18:02:21Z
Southwire-250-ft-12-2-2-Solid-SIMpull-NM-B-Wire-55048455,202316262,55048455,201.0,2017-02-03T18:02:22Z
Southwire-500-ft-12-Yellow-Solid-CU-THHN-Wire-11592358,203408336,11592358,70.0,2017-02-03T18:02:24Z
Southwire-500-ft-1-Black-Stranded-THHN-20504702,202316570,20504702,686.0,2017-02-03T18:02:26Z
Southwire-500-ft-14-Orange-Stranded-THHN-Wire-22961758,203401694,22961758,35.77,2017-02-03T18:02:30Z
Cerrowire-17-ft-14-2-Black-Primary-Wire-207-3401R17,202206421,207-3401R17,5.2,2017-02-03T18:02:36Z
Southwire-20-ft-14-Black-Stranded-CU-Primary-Wire-55667121,202316504,55667121,5.2,2017-02-03T18:02:38Z
Southwire-50-ft-14-Black-Stranded-THHN-Wire-22955951,204834017,22955951,9.47,2017-02-03T18:02:40Z
Southwire-20-ft-14-Red-Stranded-CU-Primary-Wire-55669121,202316505,55669121,5.2,2017-02-03T18:02:42Z
Cerrowire-17-ft-14-Gauge-Red-Primary-Wire-207-3403R17,202206423,207-3403R17,5.2,2017-02-03T18:02:43Z
Southwire-500-ft-12-Brown-Stranded-THHN-Wire-22971658,203401704,22971658,50.97,2017-02-03T18:02:45Z
Southwire-100-ft-14-White-Stranded-THHN-Wire-22956752,204834037,22956752,17.17,2017-02-03T18:02:53Z
Cerrowire-24-ft-16-White-AWG-Primary-Wire-207-1202R24,202206416,207-1202R24,5.2,2017-02-03T18:02:56Z
Southwire-100-ft-12-Red-Solid-THHN-Wire-11589938,204868272,11589938,19.17,2017-02-03T18:02:58Z
Southwire-50-ft-14-Black-Solid-THHN-Wire-11579041,204834040,11579041,8.77,2017-02-03T18:03:00Z
Southwire-50-ft-10-White-Stranded-THHN-Wire-22974036,204812504,22974036,13.26,2017-02-03T18:03:03Z
Southwire-500-ft-14-Yellow-Stranded-THHN-Wire-22960958,203401693,22960958,35.77,2017-02-03T18:03:18Z
Southwire-100-ft-14-Black-Solid-THHN-Wire-11579042,204834048,11579042,16.17,2017-02-03T18:03:19Z
Southwire-50-ft-14-White-Stranded-THHN-Wire-22956751,204834018,22956751,9.47,2017-02-03T18:03:22Z
Southwire-100-ft-14-Red-Stranded-THHN-Wire-22957552,204834038,22957552,17.17,2017-02-03T18:03:23Z
Southwire-500-ft-14-Yellow-Solid-THHN-Wire-11584058,203408344,11584058,42.57,2017-02-03T18:03:25Z
Southwire-50-ft-14-Red-Stranded-THHN-Wire-22957551,204834022,22957551,9.47,2017-02-03T18:03:26Z
Southwire-100-ft-14-White-Solid-THHN-Wire-11580842,204834072,11580842,16.17,2017-02-03T18:04:00Z
Southwire-500-ft-14-Blue-Solid-THHN-Wire-11582458,203408337,11582458,34.77,2017-02-03T18:04:03Z
Southwire-500-ft-14-Orange-Solid-THHN-Wire-11585758,203408341,11585758,42.57,2017-02-03T18:04:07Z
Southwire-50-ft-14-White-Solid-THHN-Wire-11580841,204834060,11580841,8.57,2017-02-03T18:04:10Z
Southwire-20-ft-14-White-Stranded-CU-Primary-Wire-55669021,202316506,55669021,5.2,2017-02-03T18:04:12Z
Cerrowire-17-ft-14-Gauge-White-Primary-Wire-207-3402R17,202206422,207-3402R17,5.2,2017-02-03T18:04:15Z
Southwire-50-ft-12-Red-Solid-THHN-Wire-11589937,204868210,11589937,10.67,2017-02-03T18:04:16Z
Southwire-250-ft-14-2-2-White-Soild-Cu-NM-B-Wire-55048255,203641719,55048255,135.0,2017-02-03T18:04:19Z
Southwire-100-ft-14-Green-Stranded-THHN-Wire-22959152,204834032,22959152,17.17,2017-02-03T18:04:25Z
Southwire-250-ft-12-2-Black-White-Green-Stranded-THHN-Tri-Wire-59318301,206205896,59318301,84.97,2017-02-03T18:04:29Z
Southwire-25-ft-16-Blue-Stranded-CU-Primary-Wire-55668221,202316511,55668221,5.2,2017-02-03T18:04:31Z
Cerrowire-24-ft-16-Gauge-Blue-Stranded-Primary-Wire-207-1204R24,202206418,207-1204R24,5.2,2017-02-03T18:04:32Z
Southwire-250-ft-12-2-Black-White-Green-Solid-THHN-Tri-Wire-59318201,206205907,59318201,78.47,2017-02-03T18:04:37Z
Southwire-50-ft-14-Green-Stranded-THHN-Wire-22959151,204834023,22959151,9.47,2017-02-03T18:04:39Z
Cerrowire-24-ft-16-Gauge-Green-Stranded-Primary-Wire-207-1205R24,202206419,207-1205R24,5.2,2017-02-03T18:04:42Z
Southwire-25-ft-16-Green-Stranded-CU-Primary-Wire-56422021,202316507,56422021,5.2,2017-02-03T18:04:43Z
Southwire-50-ft-14-Green-Solid-THHN-Wire-11583241,204834085,11583241,8.57,2017-02-03T18:04:45Z
Romex-1000-ft-10-3-Solid-SIMpull-NM-B-Wire-63948401,202316230,63948401,744.0,2017-02-03T18:04:47Z
Southwire-300-ft-14-2-Black-White-Green-Stranded-THHN-Tri-Wire-59318101,206205904,59318101,74.24,2017-02-03T18:04:50Z
Southwire-100-ft-14-Green-Solid-THHN-Wire-11583242,204834086,11583242,16.17,2017-02-03T18:04:51Z
Cerrowire-100-ft-6-Gauge-Green-Stranded-THHN-Wire-112-4205C,202564746,112-4205C,67.97,2017-02-03T18:04:53Z
Southwire-500-ft-14-Brown-Stranded-THHN-Wire-22962558,203401695,22962558,35.77,2017-02-03T18:04:54Z
Cerrowire-100-ft-8-Gauge-Black-Stranded-Wire-112-4001C,202564799,112-4001C,46.17,2017-02-03T18:04:57Z
Southwire-By-the-Foot-3-0-Black-Stranded-CU-THHN-Wire-20507099,204632783,20507099,3.09,2017-02-03T18:05:00Z
Southwire-100-ft-14-Red-Solid-THHN-Wire-11581642,204834076,11581642,16.17,2017-02-03T18:05:06Z
Southwire-50-ft-14-Red-Solid-THHN-Wire-11581641,204834084,11581641,8.57,2017-02-03T18:05:17Z
Southwire-By-the-Foot-4-Stranded-THHN-Red-20498299,204724897,20498299,1.19,2017-02-03T18:05:25Z
Southwire-By-the-Foot-2-0-Black-Stranded-CU-THHN-Wire-20506299,204632782,20506299,2.55,2017-02-03T18:05:29Z
Romex-500-ft-4-3-Black-Stranded-SIMpull-NM-B-Wire-63968205,202316202,63968205,1868.0,2017-02-03T18:05:33Z
Southwire-500-ft-12-Orange-Solid-THHN-Wire-11593158,203408335,11593158,65.0,2017-02-03T18:05:34Z
Cerrowire-100-ft-12-3-Black-White-and-Green-Cabled-Stranded-THHN-Cable-112-361253C,205493357,112-361253C,49.57,2017-02-03T18:05:36Z
Cerrowire-100-ft-12-3-Black-White-and-Green-Cabled-Solid-THHN-Cable-112-161253C,205493343,112-161253C,47.67,2017-02-03T18:05:38Z
Southwire-250-ft-12-2-Stranded-MCAP-Cable-55637701,202250338,55637701,128.0,2017-02-03T18:05:39Z
Cerrowire-24-ft-16-Gauge-Yellow-Stranded-Primary-Wire-207-1207R24,202206420,207-1207R24,5.2,2017-02-03T18:05:40Z
Southwire-25-ft-16-Yellow-Stranded-CU-Primary-Wire-55668321,202316510,55668321,5.2,2017-02-03T18:05:42Z
Southwire-6-3-Black-Stranded-CU-SIMpull-NM-B-W-G-Wire-63950099,204632777,63950099,2.79,2017-02-03T18:05:45Z
Cerrowire-100-ft-14-3-Black-White-and-Green-Cabled-Solid-THHN-Cable-112-141253C,205493341,112-141253C,37.07,2017-02-03T18:05:46Z
Cerrowire-100-ft-8-Gauge-Green-Stranded-THHN-Wire-112-4005C,202564805,112-4005C,46.17,2017-02-03T18:05:48Z
Southwire-By-the-Foot-3-Stranded-THHN-Black-24346999,204724930,24346999,1.39,2017-02-03T18:05:49Z
Southwire-500-ft-14-Brown-Solid-THHN-Wire-11586558,203408340,11586558,42.57,2017-02-03T18:05:52Z
Cerrowire-50-ft-12-3-Black-White-and-Green-Cabled-Stranded-THHN-Cable-112-361253B,205493356,112-361253B,26.67,2017-02-03T18:05:56Z
Southwire-500-ft-8-Green-Solid-CU-TW-Wire-14118403,205786411,14118403,150.0,2017-02-03T18:05:58Z
Cerrowire-500-ft-8-1-Green-Solid-TW-Wire-105-2005J,204811499,105-2005J,150.0,2017-02-03T18:06:00Z
Southwire-1000-ft-12-White-Stranded-CU-SIMpull-CoilPAK-THHN-Wire-58019904,205476057,58019904,120.0,2017-02-03T18:06:04Z
Southwire-500-ft-14-Gray-Stranded-THHN-Wire-22963301,202316254,22963301,42.77,2017-02-03T18:09:10Z
Cerrowire-100-ft-14-3-Black-White-and-Green-Cabled-Stranded-THHN-Cable-112-341253C,205493355,112-341253C,40.07,2017-02-03T18:09:29Z
Southwire-500-ft-4-Red-Stranded-THHN-Wire-20498201,202250380,20498201,377.0,2017-02-03T18:09:44Z
Cerrowire-50-ft-12-3-Black-White-and-Green-Cabled-Solid-THHN-Cable-112-161253B,205493342,112-161253B,24.07,2017-02-03T18:10:01Z
Southwire-500-ft-14-Purple-Stranded-THHN-Wire-23956601,202316455,23956601,44.91,2017-02-03T18:10:19Z
Cerrowire-50-ft-14-3-Black-White-and-Green-Cabled-Solid-THHN-Cable-112-141253B,205493340,112-141253B,19.27,2017-02-03T18:10:33Z
Southwire-600-ft-12-3-Black-White-Green-Solid-CU-CoilPAK-SIMpull-THHN-Wire-58389701,204214871,58389701,198.0,2017-02-03T18:10:50Z
Southwire-1000-ft-12-Black-Solid-CU-SIMpull-CoilPAK-THHN-Wire-58026504,205476084,58026504,137.0,2017-02-03T18:11:32Z
Southwire-1000-ft-12-Red-Solid-CU-SIMpull-CoilPAK-THHN-Wire-58027304,205476086,58027304,137.0,2017-02-03T18:11:50Z
Southwire-1000-ft-12-Red-Stranded-CU-THHN-Wire-58019804,205476053,58019804,120.0,2017-02-03T18:12:10Z
Southwire-By-the-Foot-10-Green-Stranded-CU-THHN-Wire-22977399,204631947,22977399,0.49,2017-02-03T18:12:27Z
Southwire-By-the-Foot-10-White-Stranded-THHN-Wire-22974099,204631946,22974099,0.49,2017-02-03T18:12:43Z
Southwire-By-the-Foot-10-Black-Stranded-THHN-22973299,204631945,22973299,0.49,2017-02-03T18:12:59Z
Southwire-By-the-Foot-10-Red-Stranded-CU-THHN-Wire-22975799,204631948,22975799,0.49,2017-02-03T18:13:16Z
Cerrowire-50-ft-6-1-Green-Stranded-THHN-Wire-112-4205B,202564745,112-4205B,37.47,2017-02-03T18:13:34Z
Southwire-By-the-Foot-10-3-Orange-Solid-NM-B-W-G-Wire-63948499,204724935,63948499,1.24,2017-02-03T18:13:51Z
